,subset,material,condition_code,valence_condition,means_condition,goal_step,action_step,resources_step,numeric_valence,numeric_control,numeric_valence_strength,numeric_control_strength,cond,Response ID,Time Started,Date Submitted,Status,Contact ID,Legacy Comments,Comments,Language,Referer,SessionID,user_id,reject,variable,value,variable_condition,Unnamed: 12,Unnamed: 13
6,1,bill_holiday,D,positive,absent,"Bill is looking forward to going on his summer holidays, as he has been working hard for months.","Then, Bill packs his passport in his suitcase for the journey. ","Bill's luggage is lost, but he still has a great time on his holidays.",4.8125,3.125,4.8125,4.875,S4,1,"Jun 30, 2020 6:45:25 am","Jun 30, 2020 6:50:50 am",Complete,,,,English,,1593513925_5efb17c556d299.77092801,5d53b4a9312e7e000130d873,keep,bill_holiday,He isn't able to go on holiday because his passport is lost ,,,
8,1,bill_holiday,D,positive,absent,"Bill is looking forward to going on his summer holidays, as he has been working hard for months.","Then, Bill packs his passport in his suitcase for the journey. ","Bill's luggage is lost, but he still has a great time on his holidays.",4.8125,3.125,4.8125,4.875,S4,3,"Jun 30, 2020 6:47:55 am","Jun 30, 2020 6:54:07 am",Complete,,,,English,,1593514075_5efb185b572dd5.32957800,5a69175331b87a0001c76149,keep,bill_holiday,His luggage turns up just before he leaves to go home ,,,
9,1,bill_holiday,D,positive,absent,"Bill is looking forward to going on his summer holidays, as he has been working hard for months.","Then, Bill packs his passport in his suitcase for the journey. ","Bill's luggage is lost, but he still has a great time on his holidays.",4.8125,3.125,4.8125,4.875,S4,4,"Jun 30, 2020 6:47:33 am","Jun 30, 2020 7:03:22 am",Complete,,,,English,,1593514053_5efb18452423a0.69018844,5e715d97c747b108913e435b,keep,bill_holiday,He gets stopped at border control on the way back because his passport is in his lost luggage?,,,
10,1,bill_holiday,D,positive,absent,"Bill is looking forward to going on his summer holidays, as he has been working hard for months.","Then, Bill packs his passport in his suitcase for the journey. ","Bill's luggage is lost, but he still has a great time on his holidays.",4.8125,3.125,4.8125,4.875,S4,5,"Jun 30, 2020 6:51:19 am","Jun 30, 2020 7:14:33 am",Complete,,,,English,,1593514279_5efb19278f0d80.22639583,5c5bf7813443790001f6eb6e,keep,bill_holiday,Bill realises that his suitcase is going in the hold on the plane and retrieves his passport before checking in.,,,
11,1,bill_holiday,D,positive,absent,"Bill is looking forward to going on his summer holidays, as he has been working hard for months.","Then, Bill packs his passport in his suitcase for the journey. ","Bill's luggage is lost, but he still has a great time on his holidays.",4.8125,3.125,4.8125,4.875,S4,6,"Jun 30, 2020 7:49:53 am","Jun 30, 2020 8:03:46 am",Complete,,,,English,,1593517792_5efb26e0d480c6.12954054,5ed6a937eb466b1029493c39,keep,bill_holiday,The luggage that he lost didnt contain his passport so he was able to go ,,,
102,1,bill_holiday,B,negative,absent,"Bill is looking forward to going on his summer holidays, as he has been working hard for months.","Then, Bill packs his passport in his suitcase for the journey. ",Bill's luggage is lost and he has a terrible time on his holidays.,1.5,2.625,6.5,5.375,S2,1,"Jun 29, 2020 7:25:24 am","Jun 29, 2020 7:30:16 am",Complete,,,,English,,1593429924_5ef9cfa4690c49.27732065,5ca657155cea47001229c3d3,keep,bill_holiday,he gets stuck in a foreign country due to losing his lugagge,,,
103,1,bill_holiday,B,negative,absent,"Bill is looking forward to going on his summer holidays, as he has been working hard for months.","Then, Bill packs his passport in his suitcase for the journey. ",Bill's luggage is lost and he has a terrible time on his holidays.,1.5,2.625,6.5,5.375,S2,2,"Jun 29, 2020 7:25:59 am","Jun 29, 2020 7:44:42 am",Complete,,,,English,,1593429959_5ef9cfc77d5c58.66291656,5eabec3dd0a50501759cc55c,keep,bill_holiday,He is unable to get home as his passport was in his suitcase which went missing.,,,
104,1,bill_holiday,B,negative,absent,"Bill is looking forward to going on his summer holidays, as he has been working hard for months.","Then, Bill packs his passport in his suitcase for the journey. ",Bill's luggage is lost and he has a terrible time on his holidays.,1.5,2.625,6.5,5.375,S2,3,"Jun 29, 2020 7:26:44 am","Jun 29, 2020 7:36:39 am",Complete,,,,English,,1593430004_5ef9cff44b6486.28514032,5decfba65b56133beed6ec21,keep,bill_holiday,He gets home to find he has won a prize in a competition.,,,
106,1,bill_holiday,B,negative,absent,"Bill is looking forward to going on his summer holidays, as he has been working hard for months.","Then, Bill packs his passport in his suitcase for the journey. ",Bill's luggage is lost and he has a terrible time on his holidays.,1.5,2.625,6.5,5.375,S2,5,"Jun 29, 2020 7:36:19 am","Jun 29, 2020 7:44:19 am",Complete,,,,English,,1593430579_5ef9d233707839.74973788,5e1c4deffd004243d235909a,keep,bill_holiday,His identity is stolen,,,
107,1,bill_holiday,B,negative,absent,"Bill is looking forward to going on his summer holidays, as he has been working hard for months.","Then, Bill packs his passport in his suitcase for the journey. ",Bill's luggage is lost and he has a terrible time on his holidays.,1.5,2.625,6.5,5.375,S2,6,"Jun 29, 2020 8:52:34 am","Jun 29, 2020 9:11:38 am",Complete,,,,English,,1593435154_5ef9e4126d9ed5.65798556,5ea1870060261003807ab29f,keep,bill_holiday,Bill has to go to the embassy to get a new passportr,,,
207,1,bill_holiday,A,negative,present,"Bill is looking forward to going on his summer holidays, as he has been working hard for months.","Then, Bill packs his passport in his suitcase for the journey. ","Bill's luggage is delayed but eventually arrives, and he has a terrible time on his holidays.",2,3.4,6,3.4,S1,7,"Jun 29, 2020 6:43:41 am","Jun 29, 2020 6:58:24 am",Complete,,,,English,,1593427421_5ef9c5dd177f86.55581384,5ee09f7d35a19c025377685e,keep,bill_holiday,Terrible weather and didnt like where he stayed,,,
208,1,bill_holiday,A,negative,present,"Bill is looking forward to going on his summer holidays, as he has been working hard for months.","Then, Bill packs his passport in his suitcase for the journey. ","Bill's luggage is delayed but eventually arrives, and he has a terrible time on his holidays.",2,3.4,6,3.4,S1,8,"Jun 29, 2020 6:43:32 am","Jun 29, 2020 6:58:36 am",Complete,,,,English,,1593427412_5ef9c5d4aa5963.30852795,5e2b82843d8aa11d69c1bb2c,keep,bill_holiday,"When Bill arrives home from his holiday, he receives a letter from the travel agent. They've heard that he had a terrible time on his holidays and would like to offer him a full refund.",,,
209,1,bill_holiday,A,negative,present,"Bill is looking forward to going on his summer holidays, as he has been working hard for months.","Then, Bill packs his passport in his suitcase for the journey. ","Bill's luggage is delayed but eventually arrives, and he has a terrible time on his holidays.",2,3.4,6,3.4,S1,9,"Jun 29, 2020 6:43:49 am","Jun 29, 2020 6:56:25 am",Complete,,,,English,,1593427429_5ef9c5e57575f0.19660799,5ee7819b3d520b00092c7991,keep,bill_holiday,"bills luggage has been sent to Cambodia and he has to change his holiday to there so he can get his luggage but last time he went on holiday there, he caught malaria and had a really bad time so now he's nervous he'll get it again in the hostel he has to stay at. ",,,
210,1,bill_holiday,A,negative,present,"Bill is looking forward to going on his summer holidays, as he has been working hard for months.","Then, Bill packs his passport in his suitcase for the journey. ","Bill's luggage is delayed but eventually arrives, and he has a terrible time on his holidays.",2,3.4,6,3.4,S1,10,"Jun 29, 2020 6:43:46 am","Jun 29, 2020 7:04:12 am",Complete,,,,English,,1593427426_5ef9c5e28ec435.46444815,5e68b5e1857da315e3b0f06a,keep,bill_holiday,"When his suitcase eventually arrived, he found that his passport had been stolen.",,,
211,1,bill_holiday,A,negative,present,"Bill is looking forward to going on his summer holidays, as he has been working hard for months.","Then, Bill packs his passport in his suitcase for the journey. ","Bill's luggage is delayed but eventually arrives, and he has a terrible time on his holidays.",2,3.4,6,3.4,S1,11,"Jun 29, 2020 6:45:09 am","Jun 29, 2020 6:58:10 am",Complete,,,,English,,1593427509_5ef9c6357bbc53.13824872,5d59a10aa17f570017307126,keep,bill_holiday,His luggage has been rifled through by somebody and a lot of his favourite clothes are missing. ,,,
362,1,bill_holiday,C,positive,present,"Bill is looking forward to going on his summer holidays, as he has been working hard for months.","Then, Bill packs his passport in his suitcase for the journey. ","Bill's luggage is delayed but eventually arrives, and he has a great time on his holidays.",5.625,4.3125,5.625,4.3125,S3,2,"Jun 30, 2020 5:26:35 am","Jun 30, 2020 5:33:11 am",Complete,,,,English,,1593509195_5efb054bad2ce6.48278228,5e5ce3bf1377484b52ea2c07,keep,bill_holiday,Bill finds some parts of his luggage missing,,,
363,1,bill_holiday,C,positive,present,"Bill is looking forward to going on his summer holidays, as he has been working hard for months.","Then, Bill packs his passport in his suitcase for the journey. ","Bill's luggage is delayed but eventually arrives, and he has a great time on his holidays.",5.625,4.3125,5.625,4.3125,S3,3,"Jun 30, 2020 5:27:07 am","Jun 30, 2020 5:37:31 am",Complete,,,,English,,1593509227_5efb056b975135.60202924,5a2ba3972a1bed0001f352a6,keep,bill_holiday,He found love,,,
366,1,bill_holiday,C,positive,present,"Bill is looking forward to going on his summer holidays, as he has been working hard for months.","Then, Bill packs his passport in his suitcase for the journey. ","Bill's luggage is delayed but eventually arrives, and he has a great time on his holidays.",5.625,4.3125,5.625,4.3125,S3,6,"Jun 30, 2020 5:30:32 am","Jun 30, 2020 5:37:20 am",Complete,,,,English,,1593509432_5efb0638d3c924.78352224,59d4943b719adb0001235b5f,keep,bill_holiday,he gets compensated ,,,
367,1,bill_holiday,C,positive,present,"Bill is looking forward to going on his summer holidays, as he has been working hard for months.","Then, Bill packs his passport in his suitcase for the journey. ","Bill's luggage is delayed but eventually arrives, and he has a great time on his holidays.",5.625,4.3125,5.625,4.3125,S3,7,"Jun 30, 2020 5:27:15 am","Jun 30, 2020 6:02:16 am",Complete,,,,English,,1593509235_5efb0573712697.30913003,5dd84483270f447dea09e8d4,keep,bill_holiday,Bill met his future wife,,,
369,1,bill_holiday,C,positive,present,"Bill is looking forward to going on his summer holidays, as he has been working hard for months.","Then, Bill packs his passport in his suitcase for the journey. ","Bill's luggage is delayed but eventually arrives, and he has a great time on his holidays.",5.625,4.3125,5.625,4.3125,S3,9,"Jun 30, 2020 6:21:39 am","Jun 30, 2020 6:34:16 am",Complete,,,,English,,1593512499_5efb1233757a24.21606313,5db1b1b6cd3329000ba29566,keep,bill_holiday,He decides not to go home and stay there,,,